{"learnrate": 0.0003888, "training_loss_history": [3.5593146360837498, 1.8729028426683867, 1.352443869297321, 1.1250331883247082, 1.0019993988367228, 0.9750603781296656, 0.8949281963018271, 0.8797835203317496, 0.8526186438707205, 0.8315661022296319, 0.8090526736699618, 0.7741870352855096, 0.7713542420130509, 0.7256364478514745, 0.751403673337056, 0.7126632745449359, 0.7141527464756598, 0.6902505572025592, 0.6737553454362429, 0.7012367248535156, 0.6655443585835971, 0.6807251480909494, 0.6731917583025419, 0.6850563883781433, 0.6526243274028485, 0.6736592031442202, 0.6632219954178884, 0.6507560312747955, 0.6470123391885024, 0.6145860552787781, 0.6605375225727375, 0.6472322883514258, 0.6290969584996884, 0.5866362739067811, 0.5635103193613199, 0.5658185447637851, 0.5682551837884463, 0.5723503048603351, 0.5608312969024365, 0.5795040050378213, 0.5432528612705377, 0.5674522977608901, 0.5423584775282786, 0.5249408586667135, 0.5330676952233682, 0.530250377379931, 0.5231536878989294, 0.5466511215154941, 0.5179502872320322, 0.49600766140681046, 0.48754574129214656, 0.49980817620570844, 0.4665003992044009, 0.4993507403593797, 0.4906638562679291, 0.4658315284894063, 0.453500529894462, 0.4614477042968457, 0.4454268652659196, 0.47928063800701726], "validate_loss_history": [1.9614433783751268, 0.9645467446400569, 0.7067088393064646, 0.5724835441662715, 0.5163334447603959, 0.5016103386878967, 0.4500198226708632, 0.40687775497253126, 0.3942005794781905, 0.385104150726245, 0.3339926921404325, 0.3646564346093398, 0.3410041286395146, 0.33773097969018495, 0.3328758306228198, 0.31517927463238055, 0.32166751818015027, 0.30290059172190154, 0.3313835652974936, 0.29990603029727936, 0.2828344496396872, 0.2926756120645083, 0.31037014149702513, 0.30293574929237366, 0.28155821561813354, 0.3442511077110584, 0.2841036652143185, 0.2825547456741333, 0.2846688605271853, 0.28809541865037036, 0.28261997722662413, 0.2892058491706848, 0.2556311728862616, 0.2560473004212746, 0.24645536564863646, 0.2308049093072231, 0.2594488945144873, 0.24056821001263765, 0.2638509909694011, 0.2503924295306206, 0.2541045672618426, 0.22873407774246657, 0.27387039363384247, 0.23358350304456857, 0.21921415569690558, 0.23456777746860796, 0.2382082881835791, 0.24552064159741768, 0.2284911750600888, 0.22409025923563883, 0.2211019815160678, 0.22366895583959726, 0.21740101449764693, 0.22582768878111473, 0.2206572133761186, 0.21460452389258605, 0.2285893949178549, 0.20546708084069765, 0.2097209938443624, 0.20858273540551847], "epoch_on": 47, "running_count": 13}