{"learnrate": 8.595353998742102e-11, "training_loss_history": [3.5850027341109056, 1.8570334957196162, 1.3550938230294447, 1.15546531860645, 1.0162548835460956, 0.9907553012554462, 0.870516130557427, 0.8818403803385221, 0.8566800883183112, 0.7982548314791459, 0.7783645987510681, 0.809053890980207, 0.7581091339771564, 0.7390064597129822, 0.7697531145352584, 0.6968545478123885, 0.6798216780790916, 0.7235331145616678, 0.6969843002466055, 0.6434551890079792, 0.6098895898232093, 0.6201169880536886, 0.5581621413047497, 0.6126120938704565, 0.5924917516800073, 0.5701701251360086, 0.5706225358522855, 0.5734010888979986, 0.5599460005760193, 0.5563886715815618, 0.5392101670687015, 0.5433643460273743, 0.54065052821086, 0.5349105092195364, 0.5537224813149526, 0.5148875369475439, 0.535991235421254, 0.5059236952891717, 0.5300582246138499, 0.5213506806355256, 0.5016071979816144, 0.5057238821799939, 0.48848613982017225, 0.5231255900401336, 0.5081559052834144, 0.5055676767459283, 0.5003750381561426, 0.503506275323721, 0.49844635335298687, 0.4797799369463554, 0.502775286252682, 0.4917521935242873, 0.5007511595120797, 0.501707388804509, 0.48657655257445115, 0.49047549871297985, 0.4968457749256721, 0.46518847002432895, 0.4834335962167153, 0.4976263905947025, 0.4989687387759869, 0.501168715266081, 0.4968659786077646, 0.4988623123902541, 0.48768383493790257, 0.47487597396740544, 0.49089151047743285, 0.48358208858049834, 0.4991148721713286, 0.5105128574829835, 0.5193635660868424, 0.5147163042655358, 0.47877507026378924, 0.4861897837657195, 0.49404628116350907, 0.5109304155294712, 0.4926333037706522, 0.46910748458825624, 0.5018486151328454, 0.49805940229159135, 0.48892412735865665, 0.4831786648585246, 0.48539657432299393, 0.49779768746632796, 0.48190240218089175, 0.4882312955764624, 0.49359423839128935, 0.47347039672044605, 0.49477286292956424, 0.4891251004659213, 0.49931032726397884, 0.48728687831988704, 0.4707833333657338, 0.4971985312608572, 0.4733438319884814, 0.504452299613219, 0.49666345234100634, 0.5111476584122732, 0.4919565812899516, 0.48768071830272675], "validate_loss_history": [2.1424944675885715, 1.2599239807862501, 1.010956346988678, 0.8240458781902606, 0.7702969908714294, 0.6830353553478534, 0.6745998194584479, 0.7122662434211144, 0.6328936677712661, 0.5761491220731002, 0.6354789619262402, 0.6051442508514111, 0.6121840866712424, 0.6170443502756265, 0.5944616748736455, 0.5742367116304544, 0.587275660954989, 0.5695805457922128, 0.5648120893881872, 0.468867064668582, 0.493183087844115, 0.515282385624372, 0.526206761598587, 0.5176462703026258, 0.45386205040491545, 0.4977910610345694, 0.4958278410709821, 0.46013379096984863, 0.4937888246316176, 0.4341140595766214, 0.488062131863374, 0.4859073872749622, 0.49749699234962463, 0.4752382200497847, 0.4481657835153433, 0.4577461572793814, 0.4685691847251012, 0.49275924036136043, 0.4389804509969858, 0.4571377978875087, 0.42319292976306033, 0.48708741710736203, 0.48761473481471723, 0.48877512033169085, 0.42894279612944675, 0.47713741201620835, 0.4344829481381636, 0.41269155190541196, 0.4343298673629761, 0.4555689383011598, 0.44756920864948857, 0.4408380859173261, 0.4481784197000357, 0.4412084852273648, 0.4255984150446378, 0.4855622924291171, 0.4125560246981107, 0.4469420909881592, 0.4315871779735272, 0.4774218579897514, 0.4292472612399321, 0.45886513590812683, 0.4432537429607831, 0.4252972121422107, 0.4227808851462144, 0.44571451957409197, 0.4751279308245732, 0.4546794822582832, 0.49136908696247983, 0.45905468555597156, 0.43937162825694454, 0.4534451583257088, 0.4135961097020369, 0.4225533295136232, 0.41500902749024904, 0.4466440242070418, 0.4368339478969574, 0.4544760516056648, 0.40554013504431796, 0.4395306775203118, 0.48324159246224624, 0.43592825474647373, 0.4429296851158142, 0.4557194686852969, 0.44221545182741606, 0.46530420963580793, 0.4063416146315061, 0.47165400362931764, 0.41921807481692386, 0.4592283505659837, 0.47001542150974274, 0.4373252999324065, 0.40487907139154583, 0.41474327330405897, 0.462361882512386, 0.4531261267570349, 0.4714336532812852, 0.45880048550092256, 0.44077465625909656, 0.46231235219882083], "epoch_on": 18, "running_count": 21}