{"learnrate": 0.000139968, "training_loss_history": [3.5652449497809777, 1.8509697088828454, 1.328226048212785, 1.1195996610017924, 1.0297232614113734, 0.9552061534844912, 0.9053967732649583, 0.8785117979233081, 0.8313202537023104, 0.8105559876331916, 0.8190049047653492, 0.799042855317776, 0.7533910412054795, 0.7279227513533372, 0.7249475900943463, 0.7217798943702991, 0.7041899218009069, 0.7027106399719532, 0.7131126156220069, 0.70488568681937, 0.6773434407435931, 0.6703868943911332, 0.6858588663431314, 0.6626572012901306, 0.6863652972074655, 0.6615462417785938, 0.6417407473692527, 0.6343904229310843, 0.6402995850031192, 0.6787474247125479, 0.6005349491651242, 0.6059284806251526, 0.5783121769244854, 0.5707799803752166, 0.553648992226674, 0.5785066324930924, 0.5558544649527624, 0.5490117336695011, 0.5755253720742005, 0.5662825623383889, 0.5250746103433462, 0.4839122799726633, 0.48700020290338075, 0.5256250684077923, 0.4952552937544309, 0.4886611356185033, 0.4557117143502602, 0.4774598983617929, 0.4884853328649814, 0.46038790276417363, 0.019376747883283175, 0.013344191587888278, 0.020202084229542658, 0.02190585549061115, 0.01928651103606591, 0.016732222758806668, 0.01794727719747103, 0.018478442843143757, 0.017533020331309393, 0.015488654375076294, 0.015955938742710993, 0.017451052482311543, 0.017736813196769126, 0.019621975146807157, 0.017014329250042256, 0.017641850388967074, 0.015160888433456421, 0.01937030141170208, 0.013617458251806406, 0.016642669072517983], "validate_loss_history": [2.090255480546218, 1.1945725908646216, 0.9284940545375531, 0.830303430557251, 0.7649659353953141, 0.7635116026951716, 0.7161222719229184, 0.67904859322768, 0.6349903299258306, 0.6103761058587295, 0.5985513169031876, 0.644344687461853, 0.6052797872286576, 0.6187853354674119, 0.6086417161501371, 0.5694180062183967, 0.5957639538324796, 0.6443972335411952, 0.5968200277823669, 0.5346123346915612, 0.5842707088360419, 0.5533882860953991, 0.5827932128539453, 0.6061062560631678, 0.6135912560499631, 0.549532766525562, 0.551303737438642, 0.5273757255994357, 0.5478856036296258, 0.6325260056899145, 0.534939325772799, 0.5386305749416351, 0.5036682303135211, 0.5945350275589869, 0.5008370555364169, 0.5606662745659168, 0.576957629277156, 0.48622400944049543, 0.5958104064831367, 0.5349949151277542, 0.4831002331697024, 0.4624002667573782, 0.5302606821060181, 0.5056837728390327, 0.5215511001073397, 0.5037850531247946, 0.4962150672307381, 0.48050878368891203, 0.43093276482362014, 0.4380190624640538, 0.061799388665419355, 0.03615669562266423, 0.028240639429826003, 0.05383224212206327, 0.03599961904379038, 0.04597260401799129, 0.029153635868659385, 0.024666407933601968, 0.022143625296079196, 0.03752972529484676, 0.03432722962819613, 0.0223888296347398, 0.08419525623321533, 0.034351497888565063, 0.019639847370294426, 0.01748541799875406, 0.06707897094579843, 0.0163428565630546, 0.02612360165669368, 0.038669040569892295]}